	text	predicted_label	confidence	actual_label
0	Což je sice snadné.	0	0.987	1
1	Při zapojeni uprostřed třípokojového bytu má dosah po celém bytu.	1	0.979	0
2	Velká hlučnost při vysávání.	0	0.958	1
3	Na tyči možno zastrčit nástavec třeba na vysátí klávesnice (nemusíte ho mít v kapse nebo pro něj běžet).	1	0.994	0
4	Pro mne asi lepší ručně.	1	0.995	0
5	Bez držáku na zeď.	0	0.997	1
6	Mám již druhý vysavač stejné značky.	1	0.996	0
7	Přestože nemá nijak vysoký příkon (na štítku je napsáno dokonce pouze 1200 w).	1	0.996	0
8	Ale to mi nevadí :).	1	0.992	0
9	Skladovat tak v komoře nebo v rohu místnosti.	0	0.996	1
10	Malou hubicku na kocici pelisky).	0	0.980	1
11	Pro někoho může být nevýhodou poněkud vyšší váha odnímatelného ručního vysavače.	0	0.963	1
12	Pomalé nabíhání při zvýšení výkonu (menší spotřeba energie).	1	0.972	0
13	Tedy pokud nemate druy.	0	0.951	1
14	Nebo třeba s turbokartáčem se hluk zvýší.	1	0.973	0
15	V byte asi staci.	0	0.986	1
16	Vyšší chlup je problém.	1	0.995	0
17	Že vysavač je tichý když je hlučná hubice při vysávání hlučnější.	0	0.967	1
18	Takže vysavač při nabíjení neosvětluje celou místnost (konečně :-)).	1	0.995	0
19	Je lepsi cistit venku.	0	0.954	1
20	42 min (úplně dostačující).	1	0.599	0
21	Malá nádobka na nečistoty - musím často vysypávat.	0	0.945	1
22	Než s ostatními vysavači.	0	0.947	1
23	Poměrně náročný na údržbu.	0	0.978	1
24	Že vydrží mnohem déle.	1	0.976	0
25	Musíte nasadit kolečka podle návodu.	1	0.998	0
26	Po každém luxování se prach vysype a tak není potřeba sáček.	1	0.976	0
27	A nízkou spotřebou (1400w).	1	0.976	0
28	35 mm hadice a trubice pasují na nástavce.	1	0.998	0
29	Prach zůstává v místech.	0	0.996	1
30	Pro rodinný dům je nezaměnitelný.	1	0.995	0
31	-kč a přepájet běžnou trafopáječkou).	1	0.989	0
32	Nikdy bych nevěřila kolik prachu doma máme.	1	0.972	0
33	2 v 1 - dříve jen ruční.	1	0.997	0
34	Který jsem měl před 4 lety je kvalita zpracování o trošku horší.	0	0.996	1
35	Opravu (asi spálený motor) neřeším a objednal jsem rovnou nový vysavač.	1	0.993	0
36	Aby se dala omotat.	1	0.993	0
37	Nádobka se dá dobře vymýt.	1	0.859	0
38	Rowenta je prostě dobrá značka.	1	0.670	0
39	Supr je taky uchyt na hadici kde mate po ruce dalsi dva oblibene nadstavce a sou po ruce pri samotnem vysavani.	1	0.978	0
40	Aby nevířil prach z ještě nevysátých míst.	1	0.981	0
41	Vysavač pracoval 2 dny a porouchal se.	0	0.996	1
42	Vychvalované univerzální sáčky unibag nemají hygienický uzávěr.	0	0.997	1
43	Berte to ako dobrú radu.	0	0.952	1
44	Indikator pro nutnost vycistit filtr.	1	0.904	0
45	Ale na drobky stačí.	0	0.998	1
46	Chvíli trvá než dokonale vyschne oplachovací nádoba zevnitř.	0	0.996	1
47	Podlaha je skoro ihned suchá.	1	0.952	0
48	Zatím nevím o žádné.	1	0.989	0
49	Na obrázku i stěrky.	0	0.991	1
50	Tichost - nezvyk oproti starému vysavači.	1	0.996	0
51	Občas zápasím se zámky.	0	0.998	1
52	Kloub umožňuje kopírovat terén.	1	0.996	0
53	Z jedné zásuvky vysaji celý náš byt.	1	0.580	0
54	Malý příkon jen 700 w.	1	0.988	0
55	Nízká hmotnost a hlučnost.	1	0.820	0
56	Který opravdu nechává po sobě hodně chlupů.	1	0.985	0
57	Balení obsahuje příslušenství k vysavači (úzká trubice apod.	1	0.997	0
58	Starsi typ baterie nimh.	0	0.992	1
59	Bála jsem se manipulace.	1	0.701	0
60	Které ovšem nemusí mít tak vysokou filtrační schopnost.	0	0.958	1
61	Slabé sání - od toho jsme si slibovala víc.	0	0.996	1
62	Naopak dělám to ráda.	1	0.968	0
63	Výhodou jsou turbokartáče a ostatní doplňkové hlavice.	1	0.709	0
64	Který se dostane všude.	1	0.986	0
65	Čištění není tak náročné.	1	0.948	0
66	Malá nádobka na smetí.	0	0.998	1
67	Bez hubice vysává hůře.	0	0.997	1
68	Protože se jen nasouvala na tyč a časem se to zaneslo.	1	0.998	0
69	Výstup vzduchu na vrchní straně vysavače (nevíří prach za ním).	1	0.997	0
70	S kvalitou plastu nemám problém.	1	0.996	0
71	Nesvítí při vysávání stále.	0	0.996	1
72	Je hlučný - nemám ale srovnání s jinými.	0	0.972	1
73	Díky snížené spotřebe se tepelně nenamáhá elektrická zástrčka.	1	0.991	0
74	Při síle savosti i při nejnižším výkonu zvedám lehčí koberec ze země.	0	0.998	1
75	Ta spočívá v čerpadle.	1	0.832	0
76	Doslova se přisál k podlaze.	1	0.990	0
77	Ve specifikaci výrobku i v návodu.	0	0.997	1
78	Ta se dá nasadit na výfuk.	1	0.995	0
79	Zpracování (ale na tu cenu ještě super).	0	0.997	1
80	To posoudí až dcery.	1	0.979	0
81	Malý rozsah ovládání síly sání.	0	0.998	1
82	Při vysávání se přívodní kabel automaticky nezasouvá zpět.	0	0.969	1
83	Turbokartáč používám po návštěvě chlupatějších psích kamarádů.	1	0.995	0
84	Proste zatim v poradku.	1	0.919	0
85	Vytírací váleček je jeden dlouhý.	1	0.981	0
86	Prohýbají se při luxování.	0	0.958	1
87	Ergonomicky ne zcela dokonalý.	0	0.997	1
88	Dlouhá šňůra a delší hadice.	1	0.998	0
89	Aby dobře vyluxoval cokoli.	1	0.835	0
90	Spínaná zásuvka pro připojení nářadí.	1	0.978	0
91	Který by u jiných typů nejspíš zacpal filtr ihned.	1	0.986	0
92	Moh být mít větší výkon.	1	0.990	0
93	Občas je ale potřeba přicpat hubici pro lepší oklepání.	1	0.558	0
94	Plný výkon jen do 10 min.	1	0.989	0
95	Dobře řešený kloub hubice.	1	0.985	0
96	Menší zásobník na špínu.	0	0.994	1
97	Celkově dost velké rozměry.	0	0.986	1
98	Pokud by nepřesáhla 500.	1	0.965	0
99	Nicméně pokud má někdo koberec s dlouhým vlasem naprosto nevyhovující.	1	0.987	0
100	Díky dlouhé napájecí šňůře konečně nemusím řešit dosah k elektrické zásuvce.	1	0.985	0
101	Zvedá to koberec ze země :d.	1	0.841	0
102	Takže nejenom že zbytečně zmenšuje průřez pro proudící vzduch ale také se vytváří 'píšťala'.	0	0.986	1
103	Dostane se fakt všude.	1	0.996	0
104	Nebo jednou za čas kvůli vlasům.	1	0.881	0
105	-je velký a těžký.	0	0.996	1
106	Pro menší byt stačí.	0	0.996	1
107	Který není trvale připevněn k podlaze.	0	0.739	1
108	Označení blížícího se konce kabelu.	1	0.996	0
109	Očekávala jsem lepší výkon při vysávání zvířecích chlupů.	0	0.998	1
110	Jednoduché nabíjení v nab.	1	0.980	0
111	I při nejnižším výkonu je velká síla sání.	0	0.993	1
112	Potrebovala by maly drzak.	1	0.985	0
113	Po průchodu psa při špatném počasí.	1	0.984	0
114	Jak ruční tak tyčový vysavač výborně vysávají lino.	1	0.961	0
115	Jak se přenáší chvění z motorku.	0	0.977	1
116	Obtížné se shání parfém do visavače cenově drahé.	0	0.996	1
117	Je tento absolutně potichý a je slyšet jen zvuk vysávaného vzduchu.	1	0.987	0
118	S ohledem na výkon není vysavač nijak zvlášť hlučný.	1	0.860	0
119	Sací výkon - dokáže vysát vše od drobného prachu až po těžší věci.	1	0.933	0
120	Zapínání vysavače -  zapne se a drží.	1	0.654	0
121	Nabijeni pres adapter a ne ze zakladny.	1	0.996	0
122	Skvělé je přisvícení na podlahové hubici (je vidět každé smítko).	1	0.980	0
123	Dobre se s nim manipuluje.	1	0.970	0
124	Musela jsem zakoupit i sáčky.	0	0.997	1
125	Případně vysátí obsahu pomocí velkého vysavače.	1	0.991	0
126	Lepší systém pro vysypání sběrné nádoby.	1	0.991	0
127	Dlouhá hadice chytře řešené příslušenství.	1	0.998	0
128	Jediný dodavatel lidl díly ani servis potom nezařizuje.	0	0.984	1
129	Jako každá baterie i tady jednou zdechne a nová stojí 1700 kč.	0	0.966	1
130	Malý objem nádoby na prach.	0	0.994	1
131	Vysavač neumí vysávat do vody.	0	0.506	1
132	Sací výkon s množstvím nasátého odpadu opravdu neklesá.	1	0.984	0
133	Nabijení cool-má to stojanek v balení.	1	0.997	0
134	Takže já jako matka dvou malých dětí vysavač jen doporučuji.	1	0.941	0
135	Možnost výměny akumulátoru (alespoň to píší v návodu).	1	0.998	0
136	Kovová trubka k hlavici.	1	0.991	0
137	Které vyjíždí nechtěně do stran a mezi nimi je mezera.	1	0.997	0
138	Pro starší hůře ovladatelné uvolňování krytu v případě čištění.	0	0.998	1
139	Dražší original sáčky (ale jsou velké a opravdu filtrují skvěle).	0	0.997	1
140	Nelogické vytahování nádoby na prach.	0	0.840	1
141	Ale opak je pravdou.	1	0.994	0
142	(jako u modrého bosch)  tedy stálým výkonem  vysáváte.	1	0.717	0
143	Vyfoukal mi pc mnohem lépe než profi stlačený vzduch.	1	0.934	0
144	I když je uvedena kategorie na koberce.	1	0.675	0
145	Hodně  nástavců na různé povrchy.	1	0.869	0
146	Rozhodně již nikdy onlineshop.	0	0.976	1
147	V čr dostupné pouze 2 varianty.	0	0.920	1
148	Počítejte s 22 centimetry.	1	0.985	0
149	Nabíjí opravdu kolem 12hodin.	1	0.923	0
150	Mám ho jen krátce.	1	0.989	0
151	Kráká přívodní šňůra ke stojanu.	0	0.997	1
152	Snad to bude snadné a nebude  se prach šířít  do okolí.	0	0.985	1
153	Hmotnost mohla být nižší.	1	0.990	0
154	Ušetřím polovinu času při vytírání celého rd.	1	0.997	0
155	Jinak na tvrdé podlaze je  ok.	0	0.982	1
156	Jak budu mluvit po záruce.	1	0.951	0
157	Oproti podobným výrobkům lepší sací výkon.	1	0.934	0
158	Světlo- na drobky je krásně vidět.	1	0.961	0
159	Bývalý vysavač eta již dosloužil.	1	0.988	0
160	Kvalita provedení nevypadá moc dobře.	0	0.975	1
161	Možnost použití rychleschnoucího přípravku na čištění.	1	0.932	0
162	Je dobré k němu mít u ruční vysavač.	0	0.997	1
163	Za své peníze jsem dostal to.	1	0.749	0
164	Údržba při mokrém i suchém čištění.	0	0.997	1
165	Nechtěl jsem nic velkého jako je bosch a myslím.	1	0.867	0
166	Jsem zvyklá na jiný vysavač a tak si na něj musím zvyknout.	1	0.992	0
167	Výborná hubice na tvrdé podlahy (mám lino a např.	1	0.997	0
168	Že došla čistá voda.	1	0.916	0
169	Příliš malý háček na napájecí kabel.	0	0.768	1
170	Kdy je baterie nabita.	1	0.982	0
171	Přestože je skoro prázdný.	0	0.987	1
172	Které se po vyjmutí uzavřou klapkou.	1	0.998	0
173	Dost rychle se vybíjí.	0	0.984	1
174	Kéž by vydržel také tolik let.	1	0.960	0
175	Ale jako každodenní pomocník je skvělý!.	0	0.991	1
176	Chtěli jsme aku vysavač s rotačním kartáčem.	1	0.967	0
177	U tkaného je to trochu horší).	1	0.995	0
178	Prodává se bez akumulátoru a nabíječky.	0	0.996	1
179	Poměrně malý sáček vzhledem k velikosti nádoby.	0	0.995	1
180	Krátká šňůra na můj vkus.	0	0.969	1
181	Ale ne úplně praktické a pohodlné.	0	0.998	1
182	Špatně se vymývá (je velký).	0	0.962	1
183	Že si to ani nedokážete představit.	1	0.983	0
184	Prach v koutech) mohou být neustále připnuty na tyči a kdykoliv je zapotřebí.	1	0.931	0
185	Ale je to zvyk.	1	0.993	0
186	Dobře se s ním manipuluje.	1	0.970	0
187	Možnost ofuku (jestě jsem nepoužil :d ).	1	0.992	0
188	Vcelku krátká přívodní šňůra.	0	0.993	1
189	Lehce profukující regulátor vzduchu.	0	0.996	1
190	Malá nádržka na vodu.	0	0.844	1
191	Hubice 3 in 1 je pěkná.	0	0.994	1
192	Občas se rozloží dvoudílná tyč.	0	0.969	1
193	Vysavač opravdu saje stále stejně.	1	0.981	0
194	Dá se regulovat na trubici.	1	0.995	0
195	Složitější čištění po ukončení vysávání než u rainbow.	0	0.990	1
196	Takže pak nejsou ani po ruce.	0	0.897	1
197	Na trhu netypická konstrukce.	1	0.992	0
198	Výborná cena za dobré řešení.	1	0.894	0
199	Příslušenství na trubce vám překáží.	0	0.985	1
200	Multifiltr zabírá velkou část nádoby.	0	0.998	1
201	Ale při  multifunkčním zařízení s tím musím počítat.	0	0.509	1
202	Starou barvu  od škrábání atd.	1	0.973	0
203	Dělá to k čemu je určen.	1	0.983	0
204	Než by bylo za stejnou částku u jiných typů a značek.	1	0.985	0
205	Akumulátory a nabíječku používám od šroubováku bosch modré řady.	1	0.997	0
206	Kovové trubky by časem začaly reznout.	1	0.995	0
207	Sací výkon velice laxní.	0	0.997	1
208	Takže jak dlouho vydrží fakt nevím.	1	0.647	0
209	Nená hubici na štěrbiny.	0	0.982	1
210	Pohyb jednotky po podlaze jde velmi lehce - nemáte pocit.	1	0.915	0
211	Absence navýjení přívodní šnůry.	0	0.998	1
212	Jednou mi spadl na zem (měl jsem ho přený o zeď) a nebylo na něm vydět žádné poškození.	1	0.954	0
213	2 v jednom - malý ruční vysavač.	1	0.956	0
214	Má kratší přívodní kabel.	0	0.988	1
215	Zatím jen velmi krátce použit.	1	0.996	0
216	Nosi se za sbernou nadobu na prach.	0	0.972	1
217	Vrchní strana držáků koleček vytvarována na uložení nářadí.	1	0.997	0
218	Tenké koberce mi to nadzvedává.	0	0.993	1
219	Ale dost často se zanáší filtr - nutno manuelně čistit.	1	0.998	0
220	Ale nemohu srovnat s jinými 'tichými'.	1	0.591	0
221	Levné náhradní díly - spadl mi ze schodů a nové kolečko stálo 20 kč.	1	0.998	0
222	Než se póry ucpou a je třeba ho vyměnit.	1	0.993	0
223	Hubice na zvířecí chlupy skutečně funguje a to parádně.	1	0.759	0
224	Velké množství různých hubic a nástavců.	1	0.988	0
225	Minulý mi odešel po záruce.	0	0.956	1
226	Zatím se mi ještě nestalo.	1	0.931	0
227	Hned po ruce - to je asi největší přednost!.	1	0.976	0
228	Vysavač má dva výkonové stupně a po stisknutí tlačítka 'max' přizvedává i koberec - musí se počítat s kratší dobou vysávání !.	1	0.986	0
229	Vše co nasaje zůstává uvnitř.	1	0.973	0
230	Mnoho doplňků k vysavači.	1	0.972	0
231	A už je na reklamaci.	0	0.802	1
232	Dostane se opravdu všude.	1	0.983	0
233	Nemusí se přepínat do jiné zásuvky.	1	0.973	0
234	Takže při otočce skoro vždy obrácen vzhůru nohama.	0	0.858	1
235	Že bych nestihla vysát.	1	0.973	0
236	Cvhíli trvalo ho složit.	0	0.948	1
237	Nevihoda jen špatná manipulace s vylivanim špinavé vody z hlavní  nádoby.	1	0.997	0
238	Na rozdíl od samostatných ručních vysavačů má tento širokou a vysokou sací část.	0	0.996	1
239	Sáček je cítit - máme psa.	0	0.897	1
240	Dobře se s ním manipuluje.	1	0.970	0
241	Špatný nástavec na koberce.	0	0.996	1
242	Trošku vyšší hluk při max.	0	0.961	1
243	Velmi malý sací výkon.	0	0.998	1
244	Dneska jsem se s vysavačem nedostal ani za záchod.	0	0.938	1
245	Vysavač ho i na nejnižší chod 'vcucává' do sebe.	0	0.996	1
246	Mám zapnuto stále  na nejvyšší výkon páry.	0	0.998	1
247	Pri niektorých zariadeniach neodsáva 100%.	0	0.982	1
248	Celkem složitá výměna nádržky na vodu.	0	0.993	1
249	Takže v pohodě dosáhne všude.	1	0.579	0
250	Nečistotu vylít a nemít prach pořád v sáčku vysavače.	0	0.981	1
251	Výborně vysává psí chlupy s rotačním nástavcem.	1	0.980	0
252	Výborná manipulace s přístrojem.	1	0.993	0
253	Široká škála příslušenství (absolut).	1	0.971	0
254	Jednotlivé nástavce se dají zacvaknout přímo do vysavače.	1	0.997	0
255	Vyšší váha než u akumulátorových.	0	0.997	1
256	Měl jsem rowentu 24 v - po 2.	1	0.990	0
257	Nemusím myslet na koupení  nových pytlíku.	1	0.990	0
258	Ale při skladování nešikovná.	0	0.979	1
259	Chce to radši vysavač přenášet.	0	0.960	1
260	Cyklon pojme méně prachu než sáček sáčkového vysavače.	0	0.992	1
261	Jak starší vysavače nevysávali :).	0	0.876	1
262	Sací trubky a hubice).	0	0.636	1
263	Má redukci průměru hadice.	1	0.981	0
264	Oproti starému vysavači je to neskutečná změna.	1	0.987	0
265	Kdyby jste vysavač používali v domácnosti.	1	0.969	0
266	Je poměrně hodně hlučný a těžký.	0	0.963	1
267	Pořizovací náklady jsou desetinou bateriových vysavačů.	1	0.723	0
268	Že nemá i velký turbokartáč.	0	0.998	1
269	Že zařízení má vnitřní aku a musí se čekat než se nabije.	1	0.989	0
270	Špatná přístupnost při čištění kartáče.	0	0.538	1
271	Ale oproti starým vysavačům supertichý.	0	0.997	1
272	Ale az cas ukaze).	1	0.974	0
273	Ucpává se kartáč a hubice.	0	0.973	1
274	Jak se zajíždí nový motor.	0	0.937	1
275	Při vysávání ve výšce).	0	0.971	1
276	Je třeba mít místo.	0	0.986	1
277	Což bylo praktické na vlasy na koberci.	0	0.982	1
278	Nevím co bych mu vytkla.	1	0.975	0
279	Vzhledem k ceně - žádné výhrady.	0	0.867	1
280	Zatím jsem s ním moc nevysával.	1	0.994	0
281	Možnost připojit velké množství el.	1	0.994	0
282	Když chcete vysávat koberce.	0	0.973	1
283	Plní funkci pro kterou je určen.	1	0.992	0
284	A po roce používání jsem max.	1	0.965	0
285	Takže trubky se při vysávání otáčejí a povolují.	1	0.998	0
286	Navíc s defomovanou gumou (stírátkem).	0	0.988	1
287	Mazlíky a je nutné mít stále po ruce vysavač.	1	0.987	0
288	Prodlouzena zaruka na baterii.	1	0.995	0
289	Ale je to jen tím.	1	0.934	0
290	Příslušenství (štětka na nábytek.	1	0.992	0
291	Ale jde to lehce vyčistit.	0	0.990	1
292	Reklamace hned po zakoupení.	0	0.975	1
293	Trochu složitější údržba na vymývání nádoby na vodu.	0	0.977	1
294	V případě nouze lze dokoupit i některé náhradní díly.	1	0.996	0
295	Výkon je na malé kusové koberce až příliš silný (přicucnou se).	0	0.996	1
296	Delší záruka na motor.	1	0.991	0
297	Je to proste drak.	1	0.600	0
298	Nelze snížit stupeň sání.	1	0.997	0
299	Nezávislá na konektoru pro nabíjení.	0	0.997	1
300	Sice vysavač váží více.	1	0.991	0
301	Vysavač všem vřele doporučuji! nemám co bych vysavači vytkla.	1	0.983	0
302	Čudlíky vypni/zapni nevypadají že přežijou deset let.	0	0.995	1
303	Takže když po skončení vysávání chcete očistit turbokartáč.	0	0.744	1
304	Ale dá se regulovat.	1	0.992	0
305	Padne pěkně do ruky.	1	0.814	0
306	Co se ve vysavači objevilo.	1	0.862	0
307	Čas kdy vydrží na baterku je sice jen 30 minut.	1	0.991	0
308	Rozkládáním tyče na ruční vysávání.	0	0.923	1
309	Filtr se snadno vyklepe a nedělá kolem nepořádek.	1	0.986	0
310	Že vysávání chlupy a zbytky sena po králíkovi.	0	0.982	1
311	Ze ma vetsi vykon nez philips.	1	0.975	0
312	Ale na nizky vykon je tichy krasne.	0	0.979	1
313	Výrobcem udávaný poloautomatický oklep filtru vůbec nefunguje - možná tak.	1	0.996	0
314	Špatně vysává u okrajů a v rozích.	0	0.934	1
315	Vydává horní permanentní filtr chrastivé zvuky.	0	0.959	1
316	Výhodou by mohla být cena.	1	0.985	0
317	Jsem to v nějaké další recenzi.	0	0.889	1
318	Žel placatá hubice (na koberce.	0	0.919	1
319	Malá nádržka na vodu.	0	0.844	1
320	Lepší by byla nabíjecí stanice než klasická nabíječka.	1	0.969	0
321	System odstranovani chlupu z rotacni hlavice.	1	0.998	0
322	Opravdu vysává - konečně první vysavač.	1	0.998	0
323	Lehce si člověk navolí jaký sací výkon chce.	1	0.994	0
324	Ten lze ho vyjmout a vyčistiti ručně.	0	0.961	1
325	Jak mnozí popisují v recenzích.	1	0.929	0
326	Také možnost prát všechny filtry ve vodě.	1	0.996	0
327	Je možné již dnes dokoupit náhradní díly na stránkách výrobce (dle deklarace výrobce budou dostupné 10 let).	1	0.996	0
328	Než byla výrobcem popsána.	1	0.974	0
329	Psí chuly 'žere dřív než je uvidí' :) hodně nástavců.	1	0.990	0
330	Jsou i lehčí vysavače.	0	0.998	1
331	Výrobce v návodu uvádí.	0	0.991	1
332	Další nástavce v těle vysavače.	1	0.995	0
333	Výborná vychytávka na hadici pro přímé vysátí bez nástavce (židle).	1	0.998	0
334	Hlavní plus je cena :-) ale kvalita není nijak tragická.	1	0.990	0
335	Mám jeho jen týden.	1	0.649	0
336	Na plný výkon se přicůcne ke koberci a nejde s ním ani hnout :).	1	0.991	0
337	Že má svůj stojan.	1	0.948	0
338	Ale samozřejmě velký klasický vysavač nenahradí (mám dysona).	1	0.917	0
339	Což je dnes asi standard.	1	0.986	0
340	Hubice vyborne saje (pouzivam vykon 3 nebo 4) a hezky klouze po podlaze.	1	0.995	0
341	S plností nádobky se snižuje výkon minimálně.	1	0.973	0
342	Kterou jsem měla předtím.	0	0.974	1
343	Po hodině aktivního vytírání jel pořád na 100%.	1	0.616	0
344	Za tuto cenu je to standard.	1	0.536	0
345	Malá výdrž baterie na jedno nabití.	0	0.989	1
346	Jenomže si lidé neuvědomují.	1	0.948	0
347	Ve své kategorii asi nejlepší.	1	0.991	0
348	Je brzy (cca 4hod.	1	0.987	0
349	Výhodné pro menší úklid  na př.	1	0.690	0
350	S plnícím se sáčkem se mu také obvykle snižovala účinnost).	1	0.990	0
351	Kombinace cerne a oranzove barvy.	1	0.915	0
352	Ale zas není problém ho rychle  a jednoduše vysypat.	0	0.969	1
353	Dle mého je miele jedna z mála značek co si s cenou udržela i kvalitu.	1	0.972	0
354	Já s tim vlastně nevysávám tak nevim :-).	1	0.947	0
355	Pres kterou neni dobre videt a obcas prekazi.	0	0.895	1
356	Pro uvedený účel je zcela zbytečný.	1	0.997	0
357	Hlučnější než běžné vysavače.	0	0.940	1
358	Uvidime jak dlouho vydrží baterie.	1	0.986	0
359	Takže důkladně propláchne a odsaje šampón z koberce a textilie.	1	0.898	0
360	Pěkná modrá barva s černou:-).	1	0.997	0
361	Výborná manipulace při vysávání.	1	0.990	0
362	I na hladnkém povrchu se přisaje a nepustí.	0	0.986	1
363	Tak skončí v útrobách skříní a nikdo to už nikdy nebude hledat:).	0	0.942	1
364	Možnost ubírat/přidávat množství páry dle míry znečištění.	1	0.638	0
365	Vysavače postrádá ovládání na rukojeti.	0	0.998	1
366	Nevyplatí se ho používat na drobný úklid.	0	0.997	1
367	Na sacím výkonu se to neodrazilo a ještě je o hodně tišší chod motoru.	1	0.988	0
368	Výkyvná hlavice umožňuje se dostat pod nábytek atd.	1	0.995	0
369	Musela jsem si zvyknout ho našahat - mám tendenci chytat za tlačítko otevírání sáčku.	1	0.990	0
370	Když chcete vysávat např.	0	0.802	1
371	Poslali jsme nahrávku zvuku prodejci.	0	0.918	1
372	Maj jej teprve 10 dnu.	1	0.994	0
373	Je potřeba vodu častěji měnit.	0	0.969	1
374	Také při vysávání běžném.	0	0.980	1
375	Velice účinný při vysávaní i větších ploch.	1	0.972	0
376	Při používání není cítit klasický zápach prachu jako u běžného vysavače.	1	0.768	0
377	Baterie z doby kamenné.	0	0.956	1
378	Šňůrou a těžkým vysavačem).	0	0.938	1
379	Led v širokém nástavci osvětlí všechny nečistoty.	1	0.979	0
380	Zdá se být vše ok.	1	0.922	0
381	Náhradní baterie - cena vyšší než 1/2 ceny přístroje.	0	0.984	1
382	Které pak rotují po obvodu a rachotí.	0	0.971	1
383	Nedrží se zrovna pohodlně a stabilně.	0	0.994	1
384	Že kupuji nejvybavenější verzi.	0	0.998	1
385	Jako jediná nevýhoda je za mě regulace sání.	0	0.967	1
386	Na některých místech musím nechat vysavač stát.	1	0.988	0
387	Snadno se vysypává odpad.	1	0.972	0
388	Zatím žádné mám krátce.	0	0.953	1
389	Občasné přisátí k podkladu.	0	0.994	1
390	Vlastním krátce tak nemůžu hodnotit celkově.	1	0.960	0
391	Zvláště majitelům domácích zvířat mohu koupi jen doporučit.	1	0.936	0
392	Veškteré máte veškeré příslušenství nikoliv jen platový pytel v krabici.	1	0.993	0
393	Na pevné povrchy je dobrý.	0	0.947	1
394	Nedostali jsme český návod.	0	0.871	1
395	Musí mít doma 2 vysavače.	0	0.996	1
396	Záruka 5 let jen na vybrané modely.	0	0.995	1
397	Neporadí si s většími objekty a vlasy.	0	0.704	1
398	Servis ale do 3 pracovních dnů vyměnil navinovací zařízení a již funguje perfektně.	0	0.997	1
399	Neumí vysát větší drobky nebo kamínečky.	0	0.984	1
400	Protože u předchozího jsem například tvrdé povrchy nevysávala vůbec (dá se to zamést/umýt.	1	0.996	0
401	Trubky zajištěny při vysávání nevypadávají.	1	0.983	0
402	Lze přidat čistící prostředek a zvolit variantu čištění s ním nebo bez.	1	0.989	0
403	Špatně se s ním dostava do uzkých míst.	0	0.968	1
404	Občas mi vysavač šlape na paty.	0	0.834	1
405	A tak pořád dokola.	0	0.954	1
406	Nedávám tomu víc než měsíc.	0	0.957	1
407	Zametám s ním hlavně pevné podlahy.	1	0.996	0
408	Omyvatelný vstupní mikrofiltr omyvatelný výstupní h.	1	0.996	0
409	Náhradními díly z právě koupeného.	1	0.997	0
410	Dá se odebrat jen malý ruční vysavač.	1	0.984	0
411	Aby jste poznali co dokáže.	1	0.978	0
412	Nevíří do vzduchu prach (u předchozího jsem musela při vysávání větrat).	1	0.990	0
413	Který by se mohl pokazit a nebo by se do něj mohly dostat nečistoty).	1	0.987	0
414	Který neustále používá čistou vodu.	1	0.964	0
415	Hubice se moc přisává ke koberci.	1	0.998	0
416	Ale v kuchyni a v koupelně ideální pomocník.	0	0.997	1
417	Vzhledem k jeho lehkosti se snadno zvedá do vzduchu při tažení po podlaze.	0	0.978	1
418	Akumulátor se nabíjí samostatně.	1	0.986	0
419	Reakce na dálkové ovládání má cca 1s zpoždění.	0	0.987	1
420	Skvěle nahradí malé příruční vysavače.	1	0.952	0
421	Měkké plasty - žádná čína.	1	0.997	0
422	Že tento bude super a jiný již pořizovat nebudu muset.	0	0.996	1
423	Světlo označující dobíjení není příliš agresivní (ani ve tmě).	1	0.991	0
424	Aby to místo vysál.	1	0.980	0
425	Který jsme měli nedokázal.	1	0.987	0
426	Kde ji obsluha drží při vysávání).	0	0.972	1
427	Který se vejde do hadice.	1	0.985	0
428	I když vypadá obrovský.	1	0.980	0
429	Dlouhá teleskopická tyč u které se nemusíte konečně hrbit.	1	0.994	0
430	Funguje pouze na tvrdé podlahy.	0	0.984	1
431	Nabijeci stojan ktery se da pridelat na zed.	1	0.997	0
432	Zdá si mi ne tak bytelný jako ten minulý.	0	0.995	1
433	Vysavač je trošku hlučnější.	1	0.994	0
434	Jedním slovem-tak si představuji rychlý úklid.	1	0.990	0
435	Náhradní akumulátor je dost drahý.	0	0.967	1
436	Netahám s vysavačem hadice a šňůry.	1	0.973	0
437	Zatím jsem nezaznamenala žádné proti.	0	0.633	1
438	Nezajede do zúžených prostorů.	0	0.854	1
439	Hodne prislusentsvi (ruzne hubice a nasady).	1	0.996	0
440	Kdo chce vysávat prach s vodní filtrací.	1	0.976	0
441	Za tu cenu ok.	1	0.828	0
442	Které nejsou vidět na tvrdé podlaze.	1	0.965	0
443	Nemá to držák či nějaký kryt na trysku na spáry.	0	0.908	1
444	Za danou cenu není co vytknout.	1	0.980	0
445	Menší zásobník na smetí.	0	0.998	1
446	Malý zásobník na prach.	0	0.998	1
447	Ale jednou za čas je potřeba koberec vysát nějakým opravdu silným vysavačem.	0	0.994	1
448	'kapsička' na zastrčení podlahové hubice jak na spodní straně.	1	0.995	0
449	Minimální doporučení o provozu.	0	0.993	1
450	Obtížná manipulace při mytí.	0	0.977	1
451	Oproti původnímu modelu o 100% dražší.	0	0.950	1
452	Přípojka hadice do vysavače je v úhlu.	1	0.997	0
453	Menší výkon než jsem čekala.	0	0.993	1
454	Že něco koupím pouze na jedno použití.	0	0.994	1
455	Že se mi nebude chtít čistit přístroj.	1	0.920	0
456	Zamete a vytře najednou.	1	0.981	0
457	Světlo - říkal jsem si zbytečnost.	1	0.994	0
458	V akci nízká cena.	1	0.986	0
459	Neumí si dobře poradit s delšími chlupy od psa.	0	0.972	1
460	Parketová hubice se krásně dostane i do velmi nízkých prostor pod nábytkem.	1	0.997	0
461	Než se vysavač vypne (např.	1	0.987	0
462	Nezahrnuji do celkového hodnocení.	0	0.998	1
463	Je opravdu větší než běžné vysavače.	0	0.989	1
464	Stejně jako koberec s nízkým vlasem.	1	0.982	0
465	Možnost vysávání vody atp.	1	0.989	0
466	Stále stejná intenzita sání.	1	0.997	0
467	Inzeruje mini rotační kartáč.	0	0.998	1
468	Že přímo ke zdi.	1	0.984	0
469	Slabý výkon na luxování koberce.	0	0.999	1
470	Ale lze řešit nasazením úzké trubice.	0	0.574	1
471	Jen čistý vzduch po vysávání.	1	0.909	0
472	Chlupy vysaje bez problému.	1	0.895	0
473	Ale například synovi toto vyhovuje.	0	0.996	1
474	Ptijemná komunikace s operátory.	1	0.995	0
475	Několik parkovacích poloh s držákem teleskopické hubice.	1	0.513	0
476	Co jsme ve vysavači měli.	0	0.957	1
477	Je nutné udělat otvory pro přisávání falešného vzduchu.	1	0.997	0
478	Není nic lepšího na pořádnej úklid.	1	0.989	0
479	Malý držák na hadici.	0	0.559	1
480	Jde o můj druhý stejný výrobek.	1	0.979	0
481	Ale pozitiva užívání čističe převažují :).	0	0.865	1
482	Zpracování některých detailů odpovídá nízké ceně.	0	0.963	1
483	Ale je pořád o mnoho lepší než náš starý kus.	0	0.985	1
484	Čištění výfukového filtru už vyžaduje jistý cvik.	1	0.988	0
485	Mame tvrde podlahy takze tu automatickou hadici ani nevyuzivam.	0	0.975	1
486	Protože nejde vysávaný prach ven.	1	0.994	0
487	Mám ho příliš krátce.	1	0.602	0
488	Protože u původního typu po asi 3 letech byla nefunkční.	1	0.996	0
489	Různé hubice na vysávání.	1	0.997	0
490	Původní vysavač od jiného výrobce měl navíc vnitřní kyblík na vodu.	0	0.971	1
491	Hluk sajícího vzduchu je hlasitější než motor.	1	0.990	0
492	Holt se někdy stane.	0	0.970	1
493	Poloautomatický oklep docela funguje.	1	0.836	0
494	Ale naprosto mě to nadchlo.	1	0.989	0
495	Což osobně považuji za zásadní kriterium.	1	0.995	0
496	Jediné proti vidím v české poště.	0	0.577	1
497	Jsou moc měkké a rozpojují se.	0	0.992	1
498	Sáčky nejsou součást balení.	0	0.510	1
499	Ale mám od stejného výrobce klasický vysavač stejného výrobce.	1	0.759	0
500	Koberce byly po 4 hodinách úplně suché.	1	0.937	0
501	Za tu cenu jsem očekávala mnohem víc.	0	0.996	1
502	Což jsem si myslel.	0	0.740	1
503	Menší nádobka na prach.	0	0.995	1
504	V popisu zboží vám slíbí hadici dlouhou 4.	0	0.972	1
505	Polohu s nejsilnějším sáním nepoužívám - pro koberce s nízkým vlasem je sání příliš silné.	1	0.992	0
506	Na údržbu dost složitý.	0	0.987	1
507	Nic   az na to ze jsem koukala po modernejsi verzi vzhledove ale tenhle mi staci --dost financni rozdil.	0	0.982	1
508	Moc velký sací výkon na koberci.	0	0.998	1
509	Asi jedná důležitá věc u této značky je.	1	0.997	0
510	Špatné řešení výsypky prachu.	0	0.509	1
